operation,is_peak,count,percentage
add,Peak,11868705,49.951934430322304
get,Peak,11891080,50.0461043109351
gets,Peak,466,0.001961258742594933
add,Non-Peak,57658294,49.96803199268875
get,Non-Peak,57730081,50.030244293188986
gets,Non-Peak,1989,0.0017237141222641436
