operation,is_peak,count,percentage
add,Peak,878371,0.7010226793272265
cas,Peak,10859,0.0086665034191866
get,Peak,124397005,99.28051102026637
gets,Peak,12279,0.009799796987217262
add,Non-Peak,4703353,0.6767328720923617
cas,Non-Peak,81003,0.011654960373609545
get,Non-Peak,690136875,99.29901275868454
gets,Non-Peak,87567,0.012599408849497758
