{
  "threshold": 43324402.1,
  "num_peak_periods": 18,
  "percentage_of_peak_periods": 10.465116279069768,
  "avg_request_volume_peak": 51912579.11111111,
  "avg_request_volume_non_peak": 35887369.48051948,
  "ratio_peak_to_non_peak": 1.4465417739600697,
  "peak_periods_by_day": {
    "Saturday": 5,
    "Sunday": 3,
    "Thursday": 1,
    "Tuesday": 7,
    "Wednesday": 2
  },
  "peak_periods_by_hour": {
    "0": 1,
    "1": 1,
    "2": 1,
    "6": 1,
    "7": 1,
    "8": 1,
    "9": 1,
    "10": 1,
    "11": 1,
    "12": 1,
    "13": 1,
    "16": 1,
    "19": 2,
    "20": 1,
    "21": 1,
    "22": 1,
    "23": 1
  }
}